Workbook

Sheet How To Use
B1: LLM Research Documentation Template
B2: A beginner-friendly log for transparent, reproducible AI research
B4: What this template is for
B5: Purpose | C5: This workbook helps you document every step of your LLM experiments so that you (and others) can understand exactly what you did, why you did it, and what happened. Good documentation is the foundation of trustworthy research.
B6: Who it is for | C6: Beginners and intermediate researchers working with any LLM — cloud APIs (OpenAI, Anthropic, Google, Mistral…), local models (Ollama, LM Studio, llama.cpp…), or open-weight models on HuggingFace.
B7: Core principle | C7: If someone else read your log, could they reproduce your experiment? That is the standard to aim for.
B9: Sheets in this workbook
B10: How To Use | C10: This guide — read first.
B11: Experiment Log | C11: Your main logging sheet. One row = one experiment run. Fill in every column.
B12: Prompt Library | C12: Store and version your prompts here. Reference them from the Experiment Log.
B13: Model Reference | C13: A lookup table of common models, their parameters, and rough pricing.
B14: Summary Dashboard | C14: Auto-calculated stats. Do not edit manually — it updates as you log experiments.
B16: Step-by-step workflow
B17: Step 1 — Before you start | C17: Write your research question in the Experiment Log header. Draft your prompt(s) in the Prompt Library and give each one a version number (e.g. SP-01, UP-01).
B18: Step 2 — Choose your model & settings | C18: Consult the Model Reference sheet to understand the model's parameters. Note the model name, version, temperature, top-p, and seed before running.
B19: Step 3 — Run your experiment | C19: Run the model with your chosen settings. Time-stamp the run. Copy or summarise the output in the Experiment Log.
B20: Step 4 — Evaluate the output | C20: Rate the quality (1–5). Note what worked, what did not. Record any bias, hallucinations, or ethical concerns observed.
B21: Step 5 — Document changes | C21: If you change anything — prompt, temperature, model — log it as a NEW row. Write the rationale ('why did I change this?') and the observed impact.
B22: Step 6 — Review the Dashboard | C22: Check the Summary Dashboard for cost totals, token usage, and quality trends.
B24: Key concepts for beginners
B25: Temperature | C25: Controls randomness. 0 = very predictable (good for structured tasks). 1+ = more creative/varied. Most research should start at 0 or 0.2 for consistency.
B26: Top-p (nucleus sampling) | C26: Limits the pool of words the model picks from. 0.9 means the model only considers the top 90% probability words. Use with temperature, not instead of it.
B27: Top-k | C27: Limits the model to its top K choices at each step. Lower = more focused. Often left at default.
B28: Seed | C28: A number that fixes the random starting point. Two runs with the same seed, prompt, and settings should produce the same output — this is essential for reproducibility. Not all APIs support seeds.
B29: Tokens | C29: The units text is split into. Roughly 1 token ≈ 0.75 English words. APIs charge per token (input and output separately). Context window = the maximum tokens the model can 'see' at once.
B30: System prompt | C30: Instructions given to the model before the user message. Sets tone, role, format, constraints. Changes here can dramatically affect outputs.
B31: Prompt versioning | C31: Give each distinct prompt a version number (e.g. UP-01, UP-02). This lets you trace which prompt produced which result.
B32: Hallucination | C32: When an LLM confidently states something false. Always verify factual claims, especially for research outputs.

Sheet Experiment Log
A1: 🔖 IDENTIFIERS | G1: 🤖 MODEL | L1: ⚙️ PARAMETERS | T1: 💬 PROMPTS & CHANGES | X1: 💰 TOKENS & COST | AC1: 📝 OUTPUT & EVALUATION | AJ1: ⚠️ ETHICS & FLAGS | AN1: 🏷️ TAGS
A2: Run ID | B2: Timestamp (Start) | C2: Duration (mins) | D2: Researcher | E2: Research Question | F2: Iteration Number | G2: Model Name | H2: Model Type (Open/Closed) | I2: Deployment (Cloud/Local) | J2: Provider / Platform | K2: API Version / Endpoint | L2: Temperature | M2: Top-p | N2: Top-k | O2: Max Tokens (Output) | P2: Frequency Penalty | Q2: Presence Penalty | R2: Seed | S2: Stop Sequences | T2: System Prompt Version | U2: User Prompt Version | V2: What Changed (vs. prev.) | W2: Rationale for Change | X2: Input Tokens | Y2: Output Tokens | Z2: Total Tokens | AA2: Cost (USD) | AB2: Cumulative Cost (USD) | AC2: Output Summary (or Paste Full) | AD2: Output File Path / Link | AE2: Expected Output | AF2: Quality Rating (1-5) | AG2: Success Criteria Met? | AH2: Evaluation Notes | AI2: Impact on Research | AJ2: Hallucinations Observed? | AK2: Bias Observed? | AL2: Sensitive Data Used? | AM2: Ethical / Methodological Notes | AN2: Tags / Keywords | AO2: Next Action / Follow-up
A3: R001, R002… | B3: YYYY-MM-DD HH:MM | D3: Your name | G3: gpt-4o-mini, llama3.1:8b… | H3: Open / Closed | I3: Cloud / Local | L3: 0.0 – 2.0 | M3: 0.0 – 1.0 | N3: e.g. 40 | O3: e.g. 2048 | X3: from API response | Y3: from API response | Z3: auto-calculated | AB3: running total | AG3: 1–5 | AH3: Yes / Partial / No | AJ3: Yes / No / Unsure | AL3: Yes / No
A4: R001 ★ | B4: 2024-11-01 09:30 | C4: 1.5 | D4: Lauren C. | E4: Does summarisation quality improve with longer system prompts? | F4: 1 | G4: gpt-4o-2024-08-06 | H4: Closed | I4: Cloud | J4: OpenAI | K4: v1 / /chat/completions | L4: 0.2 | M4: 1.0 | O4: 512 | P4: 0 | Q4: 0 | R4: 42 | T4: SP-01 | U4: UP-01 | V4: First run — no previous run | W4: Baseline to compare all future runs against | X4: 320 | Y4: 187 | Z4: =X4+Y4 -> 507 | AA4: 0.0032 | AB4: =AA4 -> 0.0032 | AC4: The model produced a 3-paragraph summary retaining key facts. | AE4: Concise summary preserving all main arguments. | AF4: 4 | AG4: Yes | AH4: Good factual accuracy. Slightly verbose intro paragraph. | AI4: Baseline established. Will test lower temperature next. | AJ4: No | AK4: None observed | AL4: No | AM4: Public dataset used. No ethical concerns for this run. | AN4: summarisation, baseline, gpt-4o | AO4: Run R002: reduce temperature to 0.0, compare output
Z5: =IF(AND(X5<>"",Y5<>""),X5+Y5,"") | AB5: =IF(AA5<>"",AA5,"")
Z6: =IF(AND(X6<>"",Y6<>""),X6+Y6,"") | AB6: =IF(AA6<>"",AA6+AB5,"")
Z7: =IF(AND(X7<>"",Y7<>""),X7+Y7,"") | AB7: =IF(AA7<>"",AA7+AB6,"")
Z8: =IF(AND(X8<>"",Y8<>""),X8+Y8,"") | AB8: =IF(AA8<>"",AA8+AB7,"")
Z9: =IF(AND(X9<>"",Y9<>""),X9+Y9,"") | AB9: =IF(AA9<>"",AA9+AB8,"")
Z10: =IF(AND(X10<>"",Y10<>""),X10+Y10,"") | AB10: =IF(AA10<>"",AA10+AB9,"")
Z11: =IF(AND(X11<>"",Y11<>""),X11+Y11,"") | AB11: =IF(AA11<>"",AA11+AB10,"")
Z12: =IF(AND(X12<>"",Y12<>""),X12+Y12,"") | AB12: =IF(AA12<>"",AA12+AB11,"")
Z13: =IF(AND(X13<>"",Y13<>""),X13+Y13,"") | AB13: =IF(AA13<>"",AA13+AB12,"")
Z14: =IF(AND(X14<>"",Y14<>""),X14+Y14,"") | AB14: =IF(AA14<>"",AA14+AB13,"")
Z15: =IF(AND(X15<>"",Y15<>""),X15+Y15,"") | AB15: =IF(AA15<>"",AA15+AB14,"")
Z16: =IF(AND(X16<>"",Y16<>""),X16+Y16,"") | AB16: =IF(AA16<>"",AA16+AB15,"")
Z17: =IF(AND(X17<>"",Y17<>""),X17+Y17,"") | AB17: =IF(AA17<>"",AA17+AB16,"")
... Z54: =IF(AND(X54<>"",Y54<>""),X54+Y54,"") | AB54: =IF(AA54<>"",AA54+AB53,"")

Sheet Prompt Library
A1: Prompt Library — Version Control for Your Prompts
A2: Version ID | B2: Prompt Type | C2: Date Created | D2: Created By | E2: Prompt Text | F2: Changed From Previous Version | G2: Rationale | H2: Used in Runs | I2: Status
A3: SP-01 | B3: System Prompt | C3: 2024-11-01 | D3: Lauren C. | E3: You are an expert academic research assistant. Your task is to summarise scholarly texts clearly and concisely. Use formal language. Do not add information not present in the source text. | F3: First version — no previous | G3: Baseline system prompt | H3: R001, R002 | I3: Retired
A4: SP-02 | B4: System Prompt | C4: 2024-11-03 | D4: Lauren C. | E4: You are an expert academic research assistant. Summarise scholarly texts clearly and concisely using formal language. Structure your summary with: (1) Main argument, (2) Key evidence, (3) Conclusions. Do not add information not in the source. | F4: Added structured output format (3-part structure) | G4: Wanted to see if structured output improved usability for downstream citation extraction | H4: R003, R004 | I4: Active
A5: UP-01 | B5: User Prompt | C5: 2024-11-01 | D5: Lauren C. | E5: Please summarise the following text in no more than 200 words: [TEXT] | F5: First version | G5: Baseline user prompt with word limit | H5: R001 | I5: Retired
A6: UP-02 | B6: User Prompt | C6: 2024-11-02 | D6: Lauren C. | E6: Summarise the following academic text. Aim for 150–200 words. Preserve all key claims and citations mentioned. [TEXT] | F6: Added citation preservation instruction; changed word count to a range | G6: R001 output dropped a key citation — added explicit instruction to preserve them | H6: R002, R003, R004 | I6: Active

Sheet Model Reference
A1: Model Reference — Common LLMs, Parameters & Approximate Pricing
A2: Pricing and specifications change frequently. Always verify at the provider's official pricing page before logging costs.
A3: Model Name | B3: Provider | C3: Type (Open/Closed) | D3: Deployment | E3: Context Window (K tokens) | F3: Input Cost ($/1M tokens) | G3: Output Cost ($/1M tokens) | H3: Default Temp. | I3: Seed Support? | J3: Notes
A4: gpt-4o-2024-08-06 | B4: OpenAI | C4: Closed | D4: Cloud | E4: 128 | F4: 2.50 | G4: 10.00 | H4: 1.0 | I4: Yes | J4: Latest GPT-4o checkpoint. Strong reasoning and vision.
A5: gpt-4o-mini | B5: OpenAI | C5: Closed | D5: Cloud | E5: 128 | F5: 0.15 | G5: 0.60 | H5: 1.0 | I5: Yes | J5: Cheaper, faster. Good for high-volume tasks.
A6: o1 | B6: OpenAI | C6: Closed | D6: Cloud | E6: 200 | F6: 15.00 | G6: 60.00 | H6: 1.0 | I6: Yes | J6: Optimised for complex reasoning. Slower.
A7: claude-3-5-sonnet-20241022 | B7: Anthropic | C7: Closed | D7: Cloud | E7: 200 | F7: 3.00 | G7: 15.00 | H7: 1.0 | I7: Yes | J7: Strong at analysis, code, long documents.
A8: claude-3-haiku-20240307 | B8: Anthropic | C8: Closed | D8: Cloud | E8: 200 | F8: 0.25 | G8: 1.25 | H8: 1.0 | I8: Yes | J8: Fast and cheap. Good for classification tasks.
A9: gemini-2.0-flash | B9: Google | C9: Closed | D9: Cloud | E9: 1000 | F9: 0.10 | G9: 0.40 | H9: 1.0 | I9: Yes | J9: Very long context. Good multimodal support.
A10: gemini-1.5-pro | B10: Google | C10: Closed | D10: Cloud | E10: 2000 | F10: 1.25 | G10: 5.00 | H10: 1.0 | I10: Yes | J10: Largest context window. Document-heavy tasks.
A11: mistral-small-latest | B11: Mistral | C11: Closed | D11: Cloud | E11: 32 | F11: 0.10 | G11: 0.30 | H11: 1.0 | I11: Yes | J11: Cost-effective European model.
A12: llama3.1:8b | B12: Meta / Ollama | C12: Open | D12: Local | E12: 128 | F12: Free | G12: Free | H12: 1.0 | I12: Yes | J12: Run locally via Ollama. Good for experimentation.
A13: llama3.1:70b | B13: Meta / Ollama | C13: Open | D13: Local | E13: 128 | F13: Free | G13: Free | H13: 1.0 | I13: Yes | J13: Larger local model. Requires significant GPU VRAM.
A14: llama3.3:70b | B14: Meta / Ollama | C14: Open | D14: Local | E14: 128 | F14: Free | G14: Free | H14: 1.0 | I14: Yes | J14: Updated Llama 3.3 — improved instruction following.
... A19: qwen2.5:14b | B19: Alibaba / Ollama | C19: Open | D19: Local | E19: 128 | F19: Free | G19: Free | H19: 1.0 | I19: Yes | J19: Strong multilingual capabilities.
A20: Prices shown are approximate as of early 2025. Check openai.com/pricing, anthropic.com/pricing, and ai.google.dev/pricing for current rates. Local models are free to run but require suitable hardware (GPU recommended for 7B+ models).

Sheet Summary Dashboard
B1: Summary Dashboard
B2: Auto-calculated from the Experiment Log. Do not edit this sheet.
B4: Experiment Overview
B5: Total runs logged | C5: =COUNTA('Experiment Log'!A4:A54)-COUNTIF('Experiment Log'!A4:A54,"") -> -49
B6: Unique models tested | C6: =SUMPRODUCT(('Experiment Log'!G4:G54<>"")/COUNTIF(IF('Experiment Log'!G4:G54<>"", 'Experiment Log'!G4:G54,"placeholder"),IF('Experiment Log'!G4:G54<>"", 'Experiment Log'!G4:G54,"placeholder"))) -> #VALUE!
B8: Cost Tracking
B9: Total cost (USD) | C9: =IFERROR(SUM('Experiment Log'!AB4:AB54),0) -> 0
B10: Average cost per run (USD) | C10: =IFERROR(AVERAGE(IF('Experiment Log'!AB4:AB54<>"",'Experiment Log'!AB4:AB54)),0) -> 0
B12: Token Usage
B13: Total input tokens | C13: =IFERROR(SUM('Experiment Log'!Y4:Y54),0) -> 0
B14: Total output tokens | C14: =IFERROR(SUM('Experiment Log'!Z4:Z54),0) -> 507
B15: Total tokens (all runs) | C15: =IFERROR(SUM('Experiment Log'!AA4:AA54),0) -> 0
B16: Average tokens per run | C16: =IFERROR(AVERAGE(IF('Experiment Log'!AA4:AA54<>"",'Experiment Log'!AA4:AA54)),0) -> 0
B18: Quality & Outcomes
B19: Average quality rating (1–5) | C19: =IFERROR(AVERAGEIF('Experiment Log'!AH4:AH54,">0"),0) -> 0
B20: Runs rated 4 or 5 (Good/Excellent) | C20: =COUNTIF('Experiment Log'!AH4:AH54,">=4") -> 0
B21: Runs meeting success criteria (Yes) | C21: =COUNTIF('Experiment Log'!AI4:AI54,"Yes") -> 0
B22: Runs with partial success | C22: =COUNTIF('Experiment Log'!AI4:AI54,"Partial") -> 0
B24: Flags & Ethics
B25: Runs with hallucinations noted (Yes) | C25: =COUNTIF('Experiment Log'!AJ4:AJ54,"Yes") -> 0
B26: Runs with bias observed | C26: =COUNTIF('Experiment Log'!AK4:AK54,"<>"&"")-COUNTIF('Experiment Log'!AK4:AK54,"None observed")-COUNTIF('Experiment Log'!AK4:AK54,"") -> -50
B27: Runs using sensitive data (Yes) | C27: =COUNTIF('Experiment Log'!AL4:AL54,"Yes") -> 0
B29: This dashboard reads directly from your Experiment Log. Add or edit data there, then return here to review totals.
